<?xml version="1.0" encoding="UTF-8"?>
<project-private xmlns="http://www.netbeans.org/ns/project-private/1">
    <editor-bookmarks xmlns="http://www.netbeans.org/ns/editor-bookmarks/2" lastBookmarkId="2">
        <file>
            <url>src/management/system/Login.java</url>
            <bookmark id="2">
                <name/>
                <line>54</line>
                <key/>
            </bookmark>
        </file>
        <file>
            <url>src/management/system/Mainframe.java</url>
            <bookmark id="1">
                <name/>
                <line>17</line>
                <key/>
            </bookmark>
        </file>
    </editor-bookmarks>
    <open-files xmlns="http://www.netbeans.org/ns/projectui-open-files/2">
        <group>
            <file>file:/Users/someone/NetBeansProjects/Management%20System%20latest%20version/src/management/system/Admin_Page.java</file>
        </group>
    </open-files>
</project-private>
